{
    "Modules": {
        "...MASTER...": {
            "start_perf": [
                0.4093320369720459,
                0.073723999999999998,
                0.034882000000000003,
                279716,
                292408,
                1721754115.045826,
                67165994817673
            ],
            "child_modules": {
                "TB_HISOC": 1,
                "std": 1
            },
            "end_perf": [
                0.41429400444030762,
                0.073991000000000001,
                0.036995,
                281136,
                292408,
                67166013228044,
                0,
                0
            ],
            "nQuads": 0,
            "nMops": 0,
            "nRouts": 5
        },
        "TB_HISOC": {
            "start_perf": [
                0.41709113121032715,
                0.076647000000000007,
                0.037020999999999998,
                281136,
                292408,
                1721754115.0535851,
                67166023457508
            ],
            "Compiled Times": 28,
            "child_modules": {},
            "Compiled": "Yes",
            "end_perf": [
                0.44422316551208496,
                0.102719,
                0.037020999999999998,
                284248,
                292408,
                67166123853345,
                30064771073,
                0
            ],
            "nQuads": 3448,
            "nMops": 8522,
            "nRouts": 412
        },
        "std": {
            "start_perf": [
                0.4143669605255127,
                0.074041999999999997,
                0.037020999999999998,
                281136,
                292408,
                1721754115.0508609,
                67166013402277
            ],
            "child_modules": {},
            "Compiled Times": 35,
            "Compiled": "Yes",
            "end_perf": [
                0.41705107688903809,
                0.076605999999999994,
                0.037020999999999998,
                281136,
                292408,
                67166023370114,
                8589934594,
                0
            ],
            "svclass": [
                "$vcs_nba_dyn_obj",
                0,
                35,
                2,
                2,
                0,
                "sigprop$$",
                0,
                35,
                2,
                2,
                0,
                "process",
                0,
                200,
                8,
                8,
                0,
                "event",
                0,
                34,
                2,
                2,
                0,
                "mailbox",
                0,
                140,
                9,
                9,
                0,
                "semaphore",
                0,
                84,
                5,
                5,
                0
            ],
            "nQuads": 218,
            "nMops": 528,
            "nRouts": 33
        }
    },
    "CompUnits": {},
    "stat": {
        "peak_mem_kb": 292408,
        "ru_childs_end": {
            "ru_majflt": 0,
            "ru_utime_sec": 0.024603,
            "ru_stime_sec": 0.011769999999999999,
            "ru_nvcsw": 26,
            "ru_maxrss_kb": 22288,
            "ru_minflt": 5144,
            "ru_nivcsw": 16
        },
        "ru_self_end": {
            "ru_majflt": 0,
            "ru_utime_sec": 0.102719,
            "ru_stime_sec": 0.042562999999999997,
            "ru_nvcsw": 12,
            "ru_maxrss_kb": 118356,
            "ru_minflt": 12141,
            "ru_nivcsw": 72
        },
        "cpu_cycles_end": 67166144834787
    },
    "ObjArchives": [
        {
            "archive": "archive.34/_47173_archive_1.a",
            "objects": [
                [
                    "amcQwB.o",
                    132084
                ]
            ],
            "size": 132084
        }
    ],
    "reusePaths": {
        "amcQw_d": {
            "icPath": "csrc"
        },
        "reYIK_d": {
            "icPath": "csrc"
        },
        "QqGEW_d": {
            "icPath": "csrc"
        }
    }
}