{
    "stat": {
        "ru_self_end": {
            "ru_maxrss_kb": 122028,
            "ru_utime_sec": 0.084027000000000004,
            "ru_stime_sec": 0.086635000000000004,
            "ru_nivcsw": 69,
            "ru_nvcsw": 38,
            "ru_minflt": 13284,
            "ru_majflt": 0
        },
        "ru_childs_end": {
            "ru_maxrss_kb": 24052,
            "ru_utime_sec": 0.019746,
            "ru_stime_sec": 0.018154,
            "ru_nivcsw": 30,
            "ru_nvcsw": 24,
            "ru_minflt": 5145,
            "ru_majflt": 0
        },
        "cpu_cycles_end": 63122975571171,
        "peak_mem_kb": 293792
    },
    "CompUnits": {},
    "Modules": {
        "...MASTER...": {
            "start_perf": [
                2.2766940593719482,
                0.060016,
                0.072465000000000002,
                291864,
                293288,
                1721753020.2109621,
                63122776628907
            ],
            "child_modules": {
                "std": 1,
                "EASY_AXI_TB": 1
            },
            "end_perf": [
                2.2819900512695312,
                0.061913999999999997,
                0.072840000000000002,
                291864,
                293288,
                63122796274649,
                0,
                0
            ],
            "nQuads": 0,
            "nMops": 0,
            "nRouts": 5
        },
        "std": {
            "start_perf": [
                2.2820630073547363,
                0.061948000000000003,
                0.07288,
                291864,
                293288,
                1721753020.216331,
                63122796442296
            ],
            "child_modules": {},
            "Compiled": "Yes",
            "svclass": [
                "$vcs_nba_dyn_obj",
                0,
                35,
                2,
                2,
                0,
                "sigprop$$",
                0,
                35,
                2,
                2,
                0,
                "process",
                0,
                200,
                8,
                8,
                0,
                "event",
                0,
                34,
                2,
                2,
                0,
                "mailbox",
                0,
                140,
                9,
                9,
                0,
                "semaphore",
                0,
                84,
                5,
                5,
                0
            ],
            "Compiled Times": 7,
            "end_perf": [
                2.2871239185333252,
                0.061948000000000003,
                0.075980000000000006,
                291864,
                293288,
                63122815204700,
                8589934594,
                0
            ],
            "nQuads": 218,
            "nMops": 528,
            "nRouts": 33
        },
        "EASY_AXI_TB": {
            "start_perf": [
                2.2871699333190918,
                0.061948000000000003,
                0.076026999999999997,
                291864,
                293288,
                1721753020.2214379,
                63122815303786
            ],
            "child_modules": {},
            "Compiled Times": 7,
            "Compiled": "Yes",
            "end_perf": [
                2.3231809139251709,
                0.084027000000000004,
                0.080374000000000001,
                291864,
                293288,
                63122948425810,
                12884901889,
                0
            ],
            "nQuads": 3589,
            "nMops": 8576,
            "nRouts": 436
        }
    },
    "reusePaths": {
        "amcQw_d": {
            "icPath": "csrc"
        },
        "reYIK_d": {
            "icPath": "csrc"
        },
        "kkaM8_d": {
            "icPath": "csrc"
        }
    },
    "ObjArchives": [
        {
            "archive": "archive.6/_40885_archive_1.a",
            "objects": [
                [
                    "amcQwB.o",
                    128276
                ]
            ],
            "size": 128276
        }
    ]
}