{
    "Modules": {
        "...MASTER...": {
            "child_modules": {
                "EASY_AXI_TB": 1,
                "std": 1
            },
            "start_perf": [
                2.2838468551635742,
                0.096348000000000003,
                0.036663000000000001,
                291864,
                293288,
                1721657604.122582,
                26369126279711
            ],
            "nMops": 0,
            "end_perf": [
                2.2893619537353516,
                0.099416000000000004,
                0.036663000000000001,
                291864,
                293288,
                26369146731981,
                0,
                0
            ],
            "nQuads": 0,
            "nRouts": 5
        },
        "EASY_AXI_TB": {
            "child_modules": {},
            "start_perf": [
                2.2933499813079834,
                0.10328,
                0.036663000000000001,
                291864,
                293288,
                1721657604.1320851,
                26369161336177
            ],
            "nMops": 17151,
            "end_perf": [
                2.37117600440979,
                0.171629,
                0.039912999999999997,
                293808,
                293808,
                26369448894294,
                12884901889,
                0
            ],
            "Compiled": "Yes",
            "nQuads": 7178,
            "Compiled Times": 6,
            "nRouts": 436
        },
        "std": {
            "child_modules": {},
            "start_perf": [
                2.2894937992095947,
                0.099548999999999999,
                0.036663000000000001,
                291864,
                293288,
                1721657604.1282289,
                26369147142681
            ],
            "Compiled": "Yes",
            "end_perf": [
                2.2933058738708496,
                0.10323400000000001,
                0.036663000000000001,
                291864,
                293288,
                26369161247599,
                8589934594,
                0
            ],
            "nMops": 528,
            "Compiled Times": 6,
            "nQuads": 218,
            "svclass": [
                "$vcs_nba_dyn_obj",
                0,
                35,
                2,
                2,
                0,
                "sigprop$$",
                0,
                35,
                2,
                2,
                0,
                "process",
                0,
                200,
                8,
                8,
                0,
                "event",
                0,
                34,
                2,
                2,
                0,
                "mailbox",
                0,
                140,
                9,
                9,
                0,
                "semaphore",
                0,
                84,
                5,
                5,
                0
            ],
            "nRouts": 33
        }
    },
    "stat": {
        "ru_self_end": {
            "ru_utime_sec": 0.17591999999999999,
            "ru_majflt": 3,
            "ru_stime_sec": 0.043604999999999998,
            "ru_maxrss_kb": 123488,
            "ru_minflt": 14127,
            "ru_nivcsw": 56,
            "ru_nvcsw": 20
        },
        "ru_childs_end": {
            "ru_utime_sec": 0.016261000000000001,
            "ru_majflt": 0,
            "ru_stime_sec": 0.025243000000000002,
            "ru_maxrss_kb": 25316,
            "ru_minflt": 5145,
            "ru_nivcsw": 26,
            "ru_nvcsw": 25
        },
        "cpu_cycles_end": 26369478239251,
        "peak_mem_kb": 293808
    },
    "CompUnits": {
        "kkaM8_d": {
            "archive": "archive.5/_8105_archive_1.a",
            "mod": "EASY_AXI_TB",
            "out": "kkaM8_d.o",
            "bytes": 124438,
            "text": 74693,
            "mode": 4,
            "checksum": 0
        }
    },
    "reusePaths": {
        "reYIK_d": {
            "icPath": "csrc"
        },
        "amcQw_d": {
            "icPath": "csrc"
        }
    },
    "ObjArchives": [
        {
            "archive": "archive.5/_8105_archive_1.a",
            "objects": [
                [
                    "kkaM8_d.o",
                    124438
                ],
                [
                    "amcQwB.o",
                    128356
                ]
            ],
            "size": 252794
        }
    ]
}