{
    "Modules": {
        "...MASTER...": {
            "start_perf": [
                2.2570388317108154,
                0.093505000000000005,
                0.024392,
                280456,
                293320,
                1721657706.4884629,
                26747168900505
            ],
            "child_modules": {
                "tb_rvseed": 1,
                "std": 1
            },
            "nQuads": 0,
            "end_perf": [
                2.2623379230499268,
                0.093505000000000005,
                0.026842999999999999,
                281480,
                293320,
                26747188618804,
                0,
                0
            ],
            "nMops": 0,
            "nRouts": 5
        },
        "std": {
            "start_perf": [
                2.2624409198760986,
                0.093505000000000005,
                0.026946999999999999,
                281480,
                293320,
                1721657706.493865,
                26747188858379
            ],
            "child_modules": {},
            "Compiled": "Yes",
            "nQuads": 218,
            "end_perf": [
                2.2655680179595947,
                0.094590999999999995,
                0.028788000000000001,
                281864,
                293320,
                26747200468720,
                8589934594,
                0
            ],
            "svclass": [
                "$vcs_nba_dyn_obj",
                0,
                35,
                2,
                2,
                0,
                "sigprop$$",
                0,
                35,
                2,
                2,
                0,
                "process",
                0,
                200,
                8,
                8,
                0,
                "event",
                0,
                34,
                2,
                2,
                0,
                "mailbox",
                0,
                140,
                9,
                9,
                0,
                "semaphore",
                0,
                84,
                5,
                5,
                0
            ],
            "Compiled Times": 4,
            "nMops": 528,
            "nRouts": 33
        },
        "tb_rvseed": {
            "start_perf": [
                2.2656159400939941,
                0.094630000000000006,
                0.028799999999999999,
                281864,
                293320,
                1721657706.49704,
                26747200557150
            ],
            "child_modules": {},
            "nQuads": 5774,
            "end_perf": [
                2.3319690227508545,
                0.155782,
                0.028799999999999999,
                288656,
                293320,
                26747445698636,
                12884901889,
                0
            ],
            "Compiled": "Yes",
            "Compiled Times": 4,
            "nMops": 15406,
            "nRouts": 201
        }
    },
    "CompUnits": {
        "jBaR9_d": {
            "archive": "archive.3/_9146_archive_1.a",
            "mode": 4,
            "text": 64080,
            "mod": "tb_rvseed",
            "out": "jBaR9_d.o",
            "bytes": 108602,
            "checksum": 0
        }
    },
    "stat": {
        "ru_self_end": {
            "ru_nivcsw": 58,
            "ru_stime_sec": 0.028799999999999999,
            "ru_utime_sec": 0.16062100000000001,
            "ru_maxrss_kb": 120172,
            "ru_nvcsw": 15,
            "ru_minflt": 12725,
            "ru_majflt": 0
        },
        "ru_childs_end": {
            "ru_nivcsw": 31,
            "ru_stime_sec": 0.011585,
            "ru_utime_sec": 0.023813999999999998,
            "ru_maxrss_kb": 23024,
            "ru_nvcsw": 26,
            "ru_minflt": 5145,
            "ru_majflt": 0
        },
        "peak_mem_kb": 293320,
        "cpu_cycles_end": 26747463575107
    },
    "reusePaths": {
        "amcQw_d": {
            "icPath": "csrc"
        },
        "reYIK_d": {
            "icPath": "csrc"
        }
    },
    "ObjArchives": [
        {
            "size": 242458,
            "archive": "archive.3/_9146_archive_1.a",
            "objects": [
                [
                    "jBaR9_d.o",
                    108602
                ],
                [
                    "amcQwB.o",
                    133856
                ]
            ]
        }
    ]
}