{
    "Modules": {
        "...MASTER...": {
            "start_perf": [
                2.2425360679626465,
                0.086319000000000007,
                0.022714999999999999,
                280436,
                293300,
                1721739346.386842,
                12625562442041
            ],
            "child_modules": {
                "TB_RVSEED": 1,
                "std": 1
            },
            "end_perf": [
                2.2465710639953613,
                0.087731000000000003,
                0.023087,
                281460,
                293300,
                12625577393075,
                0,
                0
            ],
            "nQuads": 0,
            "nMops": 0,
            "nRouts": 5
        },
        "std": {
            "start_perf": [
                2.2466440200805664,
                0.087790000000000007,
                0.023102000000000001,
                281460,
                293300,
                1721739346.39095,
                12625577606528
            ],
            "child_modules": {},
            "Compiled": "Yes",
            "nQuads": 218,
            "Compiled Times": 7,
            "end_perf": [
                2.2493679523468018,
                0.090360999999999997,
                0.023102000000000001,
                281844,
                293300,
                12625587711709,
                8589934594,
                0
            ],
            "svclass": [
                "$vcs_nba_dyn_obj",
                0,
                35,
                2,
                2,
                0,
                "sigprop$$",
                0,
                35,
                2,
                2,
                0,
                "process",
                0,
                200,
                8,
                8,
                0,
                "event",
                0,
                34,
                2,
                2,
                0,
                "mailbox",
                0,
                140,
                9,
                9,
                0,
                "semaphore",
                0,
                84,
                5,
                5,
                0
            ],
            "nMops": 528,
            "nRouts": 33
        },
        "TB_RVSEED": {
            "start_perf": [
                2.2494080066680908,
                0.090400999999999995,
                0.023102000000000001,
                281844,
                293300,
                1721739346.393714,
                12625587798807
            ],
            "child_modules": {},
            "nQuads": 2887,
            "Compiled": "Yes",
            "Compiled Times": 3,
            "end_perf": [
                2.275205135345459,
                0.11100699999999999,
                0.026641000000000001,
                284768,
                293300,
                12625683191689,
                12884901889,
                0
            ],
            "nMops": 7703,
            "nRouts": 201
        }
    },
    "CompUnits": {},
    "stat": {
        "peak_mem_kb": 293300,
        "cpu_cycles_end": 12625700011445,
        "ru_self_end": {
            "ru_nivcsw": 44,
            "ru_utime_sec": 0.111957,
            "ru_stime_sec": 0.030283999999999998,
            "ru_minflt": 12357,
            "ru_maxrss_kb": 119028,
            "ru_majflt": 0,
            "ru_nvcsw": 30
        },
        "ru_childs_end": {
            "ru_nivcsw": 29,
            "ru_utime_sec": 0.017795999999999999,
            "ru_stime_sec": 0.017277000000000001,
            "ru_minflt": 5142,
            "ru_maxrss_kb": 23008,
            "ru_majflt": 0,
            "ru_nvcsw": 26
        }
    },
    "reusePaths": {
        "amcQw_d": {
            "icPath": "csrc"
        },
        "reYIK_d": {
            "icPath": "csrc"
        },
        "DRp1s_d": {
            "icPath": "csrc"
        }
    },
    "ObjArchives": [
        {
            "objects": [
                [
                    "amcQwB.o",
                    133760
                ]
            ],
            "archive": "archive.6/_11667_archive_1.a",
            "size": 133760
        }
    ]
}